{
  "total_load_kwh": 522.2950640501838,
  "total_pv_kwh": 550.3921232478943,
  "total_p2p_kwh": 47.92,
  "total_grid_kwh": 189.23687999857594,
  "self_consumption_ratio": 0.09174890459120957,
  "curtailed_kwh": 0.0,
  "utility_export_kwh": 12.74,
  "utility_export_revenue_zar": 10.829,
  "mcp_mean": 1.4513679375,
  "mcp_weighted": 1.4488043107262103,
  "feeder_cap_kw": 10.0,
  "peak_util": 1.0,
  "exec_rate": 1.0,
  "finalize_rate": 0.6666666666666666,
  "gini_p2p_benefits": 0.5011276648905583,
  "gini_utility_costs": 0.7408932455465471,
  "gini_net_outcomes": 0.5700462060602434
}