{
  "total_load_kwh": 522.2950640501838,
  "total_pv_kwh": 550.3921232478943,
  "total_p2p_kwh": 36.980000000000004,
  "total_grid_kwh": 189.56708497076764,
  "self_consumption_ratio": 0.07080289006224812,
  "curtailed_kwh": 0.0,
  "utility_export_kwh": 12.74,
  "utility_export_revenue_zar": 10.829,
  "mcp_mean": 1.4631124193548388,
  "mcp_weighted": 1.3895512777176853,
  "feeder_cap_kw": 5.0,
  "peak_util": 1.0,
  "exec_rate": 0.9791666666666666,
  "finalize_rate": 0.65625,
  "gini_p2p_benefits": 0.527489509734673,
  "gini_utility_costs": 0.662549876590288,
  "gini_net_outcomes": 0.3565483312262736
}