{
  "total_load_kwh": 522.2950640501838,
  "total_pv_kwh": 550.3921232478943,
  "total_p2p_kwh": 48.58,
  "total_grid_kwh": 189.23687999857594,
  "self_consumption_ratio": 0.09301255811855093,
  "curtailed_kwh": 0.0,
  "utility_export_kwh": 12.74,
  "utility_export_revenue_zar": 10.829,
  "mcp_mean": 1.4513679375,
  "mcp_weighted": 1.464906766570605,
  "feeder_cap_kw": 50.0,
  "peak_util": 0.24719999999999998,
  "exec_rate": 1.0,
  "finalize_rate": 0.6666666666666666,
  "gini_p2p_benefits": 0.4944224582269794,
  "gini_utility_costs": 0.7479947455463778,
  "gini_net_outcomes": 0.5541133578239561
}