Model,Total System Benefit (ZAR),Total P2P kWh Traded,Avg. MCP (ZAR/kWh),MCP Volatility (Std. Dev.),Total Grid Imports (kWh),Total Grid Exports (kWh),Curtailed Energy (kWh),Gini P2P Benefits,Gini Utility Costs,Gini Net Outcomes
Baseline (Noisy),145.27858968720142,48.42619656240047,1.5366498563991027,0.59367487787578,213.58569425685204,280.90085244413564,0.0,0.188187316481929,0.5620528432981053,0.36146120237618407
Dynamic (Strategic),148.58795792066002,49.52931930688666,1.265388074586508,0.3471547093337933,212.48257151236587,279.80511558886235,0.0,0.2180889590209465,0.5612952876347905,0.37411754098882444
Hybrid (Alpha=0.15),148.3389707081118,49.44632356937059,1.265388074586508,0.3471547093337933,212.5655672498819,279.8881113263784,0.0,0.21014724220320868,0.5633103409191631,0.3687760951654955
