{
  "total_load_kwh": 522.2950640501838,
  "total_pv_kwh": 550.3921232478943,
  "total_p2p_kwh": 15.55,
  "total_grid_kwh": 190.49708497076765,
  "self_consumption_ratio": 0.02977244295478524,
  "curtailed_kwh": 0.0,
  "utility_export_kwh": 12.74,
  "utility_export_revenue_zar": 10.829,
  "mcp_mean": 1.4513679375,
  "mcp_weighted": 1.4065522186495178,
  "feeder_cap_kw": 2.0,
  "peak_util": 1.0,
  "exec_rate": 1.0,
  "finalize_rate": 0.6666666666666666,
  "gini_p2p_benefits": 0.5748880776134335,
  "gini_utility_costs": 0.6065719725084093,
  "gini_net_outcomes": 0.32396020033222883
}